{
  "dataset": "ifbench-verl",
  "phase": "intra",
  "timestamp": "2025-11-07 13:12:52",
  "input": {
    "files": 1,
    "total_rows": 95373
  },
  "output": {
    "files": 1,
    "unique_rows": 95372
  },
  "deduplication": {
    "duplicates_found": 1,
    "duplicate_rate": 1.0485147788158075e-05,
    "unique_rate": 0.9999895148522119
  },
  "processing": {
    "duration_seconds": 3.3886637687683105,
    "rows_per_second": 28144.722081608455
  },
  "top_duplicates": [
    {
      "hash": "5ce54a85a7116c81b2c4666809d448a49937e7cbda6fde85d37ddd132aacb263",
      "occurrences": 1
    }
  ]
}